Shamir,128,128,128,generate_secret,2616
Shamir,128,128,128,generate_shares,17711552
Shamir,128,128,128,init_instance,3517636
Shamir,128,128,128,recover_secret,28609540
Shamir,128,128,192,generate_secret,1024
Shamir,128,128,192,generate_shares,24121072
Shamir,128,128,192,init_instance,1906108
Shamir,128,128,192,recover_secret,38775044
Shamir,128,128,256,generate_secret,2732
Shamir,128,128,256,generate_shares,36762712
Shamir,128,128,256,init_instance,4616448
Shamir,128,128,256,recover_secret,35886260
Shamir,128,128,384,generate_secret,1752
Shamir,128,128,384,generate_shares,50721208
Shamir,128,128,384,init_instance,2096068
Shamir,128,128,384,recover_secret,58241256
Shamir,128,128,512,generate_secret,27848
Shamir,128,128,512,generate_shares,125489420
Shamir,128,128,512,init_instance,3453448
Shamir,128,128,512,recover_secret,38776520
Shamir,128,128,64,generate_secret,1140
Shamir,128,128,64,generate_shares,9576962
Shamir,128,128,64,init_instance,2218416
Shamir,128,128,64,recover_secret,29194620
Shamir,128,256,128,generate_secret,1284
Shamir,128,256,128,generate_shares,37042196
Shamir,128,256,128,init_instance,2001296
Shamir,128,256,128,recover_secret,28728964
Shamir,128,256,192,generate_secret,1068
Shamir,128,256,192,generate_shares,56389064
Shamir,128,256,192,init_instance,1908684
Shamir,128,256,192,recover_secret,38373996
Shamir,128,256,256,generate_secret,1656
Shamir,128,256,256,generate_shares,55289384
Shamir,128,256,256,init_instance,1977236
Shamir,128,256,256,recover_secret,56935344
Shamir,128,256,384,generate_secret,2128
Shamir,128,256,384,generate_shares,96112820
Shamir,128,256,384,init_instance,2125144
Shamir,128,256,384,recover_secret,46417724
Shamir,128,256,512,generate_secret,9556
Shamir,128,256,512,generate_shares,198915072
Shamir,128,256,512,init_instance,3260988
Shamir,128,256,512,recover_secret,61783052
Shamir,128,256,64,generate_secret,1068
Shamir,128,256,64,generate_shares,16763948
Shamir,128,256,64,init_instance,1909116
Shamir,128,256,64,recover_secret,20811556
Shamir,128,512,128,generate_secret,3308
Shamir,128,512,128,generate_shares,79644820
Shamir,128,512,128,init_instance,3173080
Shamir,128,512,128,recover_secret,41680496
Shamir,128,512,192,generate_secret,28132
Shamir,128,512,192,generate_shares,104365108
Shamir,128,512,192,init_instance,3256168
Shamir,128,512,192,recover_secret,42301712
Shamir,128,512,256,generate_secret,3144
Shamir,128,512,256,generate_shares,132407492
Shamir,128,512,256,init_instance,3232112
Shamir,128,512,256,recover_secret,44702192
Shamir,128,512,384,generate_secret,4964
Shamir,128,512,384,generate_shares,202429200
Shamir,128,512,384,init_instance,3520952
Shamir,128,512,384,recover_secret,52067380
Shamir,128,512,512,generate_secret,3328
Shamir,128,512,512,generate_shares,256582856
Shamir,128,512,512,init_instance,2394024
Shamir,128,512,512,recover_secret,58909780
Shamir,128,512,64,generate_secret,1152
Shamir,128,512,64,generate_shares,38464372
Shamir,128,512,64,init_instance,1966884
Shamir,128,512,64,recover_secret,22698680
Shamir,128,999,128,generate_secret,1960
Shamir,128,999,128,generate_shares,130854892
Shamir,128,999,128,init_instance,3406844
Shamir,128,999,128,recover_secret,29301256
Shamir,128,999,192,generate_secret,1968
Shamir,128,999,192,generate_shares,195057188
Shamir,128,999,192,init_instance,2011860
Shamir,128,999,192,recover_secret,38101792
Shamir,128,999,256,generate_secret,2280
Shamir,128,999,256,generate_shares,231822152
Shamir,128,999,256,init_instance,2447412
Shamir,128,999,256,recover_secret,63034076
Shamir,128,999,384,generate_secret,3080
Shamir,128,999,384,generate_shares,391826168
Shamir,128,999,384,init_instance,3434296
Shamir,128,999,384,recover_secret,58080032
Shamir,128,999,512,generate_secret,2828
Shamir,128,999,512,generate_shares,453717400
Shamir,128,999,512,init_instance,3526540
Shamir,128,999,512,recover_secret,53156824
Shamir,128,999,64,generate_secret,26632
Shamir,128,999,64,generate_shares,80340976
Shamir,128,999,64,init_instance,2071756
Shamir,128,999,64,recover_secret,26112292
Shamir,16,128,128,generate_secret,1320
Shamir,16,128,128,generate_shares,1843612
Shamir,16,128,128,init_instance,1923832
Shamir,16,128,128,recover_secret,302400
Shamir,16,128,192,generate_secret,1164
Shamir,16,128,192,generate_shares,4008388
Shamir,16,128,192,init_instance,2361248
Shamir,16,128,192,recover_secret,372728
Shamir,16,128,256,generate_secret,2780
Shamir,16,128,256,generate_shares,14899860
Shamir,16,128,256,init_instance,2263932
Shamir,16,128,256,recover_secret,798684
Shamir,16,128,384,generate_secret,4888
Shamir,16,128,384,generate_shares,38012276
Shamir,16,128,384,init_instance,3383860
Shamir,16,128,384,recover_secret,464556
Shamir,16,128,512,generate_secret,2080
Shamir,16,128,512,generate_shares,110978868
Shamir,16,128,512,init_instance,2424976
Shamir,16,128,512,recover_secret,941260
Shamir,16,128,64,generate_secret,5012
Shamir,16,128,64,generate_shares,1072304
Shamir,16,128,64,init_instance,2574212
Shamir,16,128,64,recover_secret,268524
Shamir,16,16,128,generate_secret,948
Shamir,16,16,128,generate_shares,1004140
Shamir,16,16,128,init_instance,1914712
Shamir,16,16,128,recover_secret,328028
Shamir,16,16,192,generate_secret,1168
Shamir,16,16,192,generate_shares,3954512
Shamir,16,16,192,init_instance,1902396
Shamir,16,16,192,recover_secret,454828
Shamir,16,16,256,generate_secret,1876
Shamir,16,16,256,generate_shares,6802368
Shamir,16,16,256,init_instance,2075204
Shamir,16,16,256,recover_secret,737728
Shamir,16,16,384,generate_secret,1504
Shamir,16,16,384,generate_shares,36798356
Shamir,16,16,384,init_instance,2024436
Shamir,16,16,384,recover_secret,466112
Shamir,16,16,512,generate_secret,3020
Shamir,16,16,512,generate_shares,100359068
Shamir,16,16,512,init_instance,2633136
Shamir,16,16,512,recover_secret,957272
Shamir,16,16,64,generate_secret,1290
Shamir,16,16,64,generate_shares,341210
Shamir,16,16,64,init_instance,2182902
Shamir,16,16,64,recover_secret,265082
Shamir,16,256,128,generate_secret,1552
Shamir,16,256,128,generate_shares,2868624
Shamir,16,256,128,init_instance,2940080
Shamir,16,256,128,recover_secret,298688
Shamir,16,256,192,generate_secret,9676
Shamir,16,256,192,generate_shares,8919564
Shamir,16,256,192,init_instance,3292004
Shamir,16,256,192,recover_secret,787720
Shamir,16,256,256,generate_secret,2120
Shamir,16,256,256,generate_shares,19164944
Shamir,16,256,256,init_instance,2202200
Shamir,16,256,256,recover_secret,853964
Shamir,16,256,384,generate_secret,3164
Shamir,16,256,384,generate_shares,33890064
Shamir,16,256,384,init_instance,4340980
Shamir,16,256,384,recover_secret,525048
Shamir,16,256,512,generate_secret,1704
Shamir,16,256,512,generate_shares,114569840
Shamir,16,256,512,init_instance,2105616
Shamir,16,256,512,recover_secret,1024120
Shamir,16,256,64,generate_secret,1324
Shamir,16,256,64,generate_shares,1972356
Shamir,16,256,64,init_instance,2372968
Shamir,16,256,64,recover_secret,253208
Shamir,16,32,128,generate_secret,944
Shamir,16,32,128,generate_shares,1059848
Shamir,16,32,128,init_instance,1968232
Shamir,16,32,128,recover_secret,343076
Shamir,16,32,192,generate_secret,1068
Shamir,16,32,192,generate_shares,5344632
Shamir,16,32,192,init_instance,1916116
Shamir,16,32,192,recover_secret,407336
Shamir,16,32,256,generate_secret,1484
Shamir,16,32,256,generate_shares,6492628
Shamir,16,32,256,init_instance,2013768
Shamir,16,32,256,recover_secret,428656
Shamir,16,32,384,generate_secret,3484
Shamir,16,32,384,generate_shares,36152100
Shamir,16,32,384,init_instance,3325692
Shamir,16,32,384,recover_secret,862432
Shamir,16,32,512,generate_secret,2948
Shamir,16,32,512,generate_shares,131579200
Shamir,16,32,512,init_instance,3130948
Shamir,16,32,512,recover_secret,534740
Shamir,16,32,64,generate_secret,1076
Shamir,16,32,64,generate_shares,362908
Shamir,16,32,64,init_instance,1994564
Shamir,16,32,64,recover_secret,247316
Shamir,16,512,128,generate_secret,1520
Shamir,16,512,128,generate_shares,5092848
Shamir,16,512,128,init_instance,2210676
Shamir,16,512,128,recover_secret,328960
Shamir,16,512,192,generate_secret,1040
Shamir,16,512,192,generate_shares,10408852
Shamir,16,512,192,init_instance,2017084
Shamir,16,512,192,recover_secret,668244
Shamir,16,512,256,generate_secret,1792
Shamir,16,512,256,generate_shares,26665056
Shamir,16,512,256,init_instance,2410952
Shamir,16,512,256,recover_secret,843040
Shamir,16,512,384,generate_secret,3096
Shamir,16,512,384,generate_shares,42664856
Shamir,16,512,384,init_instance,3163724
Shamir,16,512,384,recover_secret,602308
Shamir,16,512,512,generate_secret,5584
Shamir,16,512,512,generate_shares,125456612
Shamir,16,512,512,init_instance,3257672
Shamir,16,512,512,recover_secret,540212
Shamir,16,512,64,generate_secret,1336
Shamir,16,512,64,generate_shares,4683244
Shamir,16,512,64,init_instance,3305780
Shamir,16,512,64,recover_secret,250548
Shamir,16,64,128,generate_secret,1016
Shamir,16,64,128,generate_shares,2269440
Shamir,16,64,128,init_instance,1905060
Shamir,16,64,128,recover_secret,478460
Shamir,16,64,192,generate_secret,4228
Shamir,16,64,192,generate_shares,5132328
Shamir,16,64,192,init_instance,3173096
Shamir,16,64,192,recover_secret,664632
Shamir,16,64,256,generate_secret,1660
Shamir,16,64,256,generate_shares,10634740
Shamir,16,64,256,init_instance,2875380
Shamir,16,64,256,recover_secret,705088
Shamir,16,64,384,generate_secret,1912
Shamir,16,64,384,generate_shares,33705772
Shamir,16,64,384,init_instance,2229940
Shamir,16,64,384,recover_secret,501432
Shamir,16,64,512,generate_secret,28460
Shamir,16,64,512,generate_shares,114582764
Shamir,16,64,512,init_instance,2074468
Shamir,16,64,512,recover_secret,890076
Shamir,16,64,64,generate_secret,2752
Shamir,16,64,64,generate_shares,644756
Shamir,16,64,64,init_instance,2194976
Shamir,16,64,64,recover_secret,260892
Shamir,16,999,128,generate_secret,1128
Shamir,16,999,128,generate_shares,10818044
Shamir,16,999,128,init_instance,2579796
Shamir,16,999,128,recover_secret,309396
Shamir,16,999,192,generate_secret,1440
Shamir,16,999,192,generate_shares,22855300
Shamir,16,999,192,init_instance,3441468
Shamir,16,999,192,recover_secret,564076
Shamir,16,999,256,generate_secret,2904
Shamir,16,999,256,generate_shares,24614800
Shamir,16,999,256,init_instance,3276500
Shamir,16,999,256,recover_secret,585812
Shamir,16,999,384,generate_secret,4516
Shamir,16,999,384,generate_shares,60668356
Shamir,16,999,384,init_instance,3301500
Shamir,16,999,384,recover_secret,778096
Shamir,16,999,512,generate_secret,2476
Shamir,16,999,512,generate_shares,145404272
Shamir,16,999,512,init_instance,2406024
Shamir,16,999,512,recover_secret,592124
Shamir,16,999,64,generate_secret,1660
Shamir,16,999,64,generate_shares,7378216
Shamir,16,999,64,init_instance,2036548
Shamir,16,999,64,recover_secret,261600
Shamir,2,128,128,generate_secret,2516
Shamir,2,128,128,generate_shares,1074160
Shamir,2,128,128,init_instance,3105740
Shamir,2,128,128,recover_secret,37756
Shamir,2,128,192,generate_secret,1348
Shamir,2,128,192,generate_shares,2677872
Shamir,2,128,192,init_instance,1959392
Shamir,2,128,192,recover_secret,11964
Shamir,2,128,256,generate_secret,1664
Shamir,2,128,256,generate_shares,7344104
Shamir,2,128,256,init_instance,1902160
Shamir,2,128,256,recover_secret,52480
Shamir,2,128,384,generate_secret,4208
Shamir,2,128,384,generate_shares,49238284
Shamir,2,128,384,init_instance,3348168
Shamir,2,128,384,recover_secret,38792
Shamir,2,128,512,generate_secret,4756
Shamir,2,128,512,generate_shares,155665660
Shamir,2,128,512,init_instance,2926456
Shamir,2,128,512,recover_secret,66812
Shamir,2,128,64,generate_secret,1460
Shamir,2,128,64,generate_shares,442984
Shamir,2,128,64,init_instance,3759580
Shamir,2,128,64,recover_secret,36432
Shamir,2,16,128,generate_secret,2212
Shamir,2,16,128,generate_shares,1018756
Shamir,2,16,128,init_instance,3486556
Shamir,2,16,128,recover_secret,15124
Shamir,2,16,192,generate_secret,5480
Shamir,2,16,192,generate_shares,5046384
Shamir,2,16,192,init_instance,3491192
Shamir,2,16,192,recover_secret,21764
Shamir,2,16,256,generate_secret,3296
Shamir,2,16,256,generate_shares,10309156
Shamir,2,16,256,init_instance,3269244
Shamir,2,16,256,recover_secret,95560
Shamir,2,16,384,generate_secret,26648
Shamir,2,16,384,generate_shares,52833376
Shamir,2,16,384,init_instance,2088408
Shamir,2,16,384,recover_secret,27268
Shamir,2,16,512,generate_secret,2644
Shamir,2,16,512,generate_shares,122553788
Shamir,2,16,512,init_instance,3467176
Shamir,2,16,512,recover_secret,16636
Shamir,2,16,64,generate_secret,1968
Shamir,2,16,64,generate_shares,188736
Shamir,2,16,64,init_instance,3132068
Shamir,2,16,64,recover_secret,10024
Shamir,2,2,128,generate_secret,1228
Shamir,2,2,128,generate_shares,739984
Shamir,2,2,128,init_instance,2702284
Shamir,2,2,128,recover_secret,11712
Shamir,2,2,192,generate_secret,1008
Shamir,2,2,192,generate_shares,2717116
Shamir,2,2,192,init_instance,1922924
Shamir,2,2,192,recover_secret,36648
Shamir,2,2,256,generate_secret,1848
Shamir,2,2,256,generate_shares,15544700
Shamir,2,2,256,init_instance,3397964
Shamir,2,2,256,recover_secret,45548
Shamir,2,2,384,generate_secret,4784
Shamir,2,2,384,generate_shares,50079344
Shamir,2,2,384,init_instance,3564336
Shamir,2,2,384,recover_secret,19516
Shamir,2,2,512,generate_secret,5544
Shamir,2,2,512,generate_shares,116343616
Shamir,2,2,512,init_instance,3254288
Shamir,2,2,512,recover_secret,50100
Shamir,2,256,128,generate_secret,1388
Shamir,2,256,128,generate_shares,2103496
Shamir,2,256,128,init_instance,4817060
Shamir,2,256,128,recover_secret,18316
Shamir,2,256,192,generate_secret,2408
Shamir,2,256,192,generate_shares,3606212
Shamir,2,256,192,init_instance,2804360
Shamir,2,256,192,recover_secret,39200
Shamir,2,256,256,generate_secret,1548
Shamir,2,256,256,generate_shares,14874116
Shamir,2,256,256,init_instance,1969376
Shamir,2,256,256,recover_secret,21336
Shamir,2,256,384,generate_secret,1988
Shamir,2,256,384,generate_shares,31720628
Shamir,2,256,384,init_instance,1998752
Shamir,2,256,384,recover_secret,16848
Shamir,2,256,512,generate_secret,2700
Shamir,2,256,512,generate_shares,145334092
Shamir,2,256,512,init_instance,3053232
Shamir,2,256,512,recover_secret,42428
Shamir,2,256,64,generate_secret,1268
Shamir,2,256,64,generate_shares,420348
Shamir,2,256,64,init_instance,2635480
Shamir,2,256,64,recover_secret,7384
Shamir,2,2,64,generate_secret,996
Shamir,2,2,64,generate_shares,113636
Shamir,2,2,64,init_instance,1970376
Shamir,2,2,64,recover_secret,7372
Shamir,2,32,128,generate_secret,4060
Shamir,2,32,128,generate_shares,1406788
Shamir,2,32,128,init_instance,3465528
Shamir,2,32,128,recover_secret,54620
Shamir,2,32,192,generate_secret,2908
Shamir,2,32,192,generate_shares,5221248
Shamir,2,32,192,init_instance,3411388
Shamir,2,32,192,recover_secret,44548
Shamir,2,32,256,generate_secret,2508
Shamir,2,32,256,generate_shares,8269440
Shamir,2,32,256,init_instance,2125532
Shamir,2,32,256,recover_secret,43592
Shamir,2,32,384,generate_secret,3596
Shamir,2,32,384,generate_shares,56358776
Shamir,2,32,384,init_instance,3124928
Shamir,2,32,384,recover_secret,26096
Shamir,2,32,512,generate_secret,13832
Shamir,2,32,512,generate_shares,130835668
Shamir,2,32,512,init_instance,4555236
Shamir,2,32,512,recover_secret,22464
Shamir,2,32,64,generate_secret,1260
Shamir,2,32,64,generate_shares,241980
Shamir,2,32,64,init_instance,3264272
Shamir,2,32,64,recover_secret,12056
Shamir,2,4,128,generate_secret,3460
Shamir,2,4,128,generate_shares,1030724
Shamir,2,4,128,init_instance,2090504
Shamir,2,4,128,recover_secret,12068
Shamir,2,4,192,generate_secret,1536
Shamir,2,4,192,generate_shares,5418648
Shamir,2,4,192,init_instance,3254512
Shamir,2,4,192,recover_secret,20296
Shamir,2,4,256,generate_secret,2336
Shamir,2,4,256,generate_shares,13554048
Shamir,2,4,256,init_instance,3374732
Shamir,2,4,256,recover_secret,20932
Shamir,2,4,384,generate_secret,2040
Shamir,2,4,384,generate_shares,32800536
Shamir,2,4,384,init_instance,2307872
Shamir,2,4,384,recover_secret,23528
Shamir,2,4,512,generate_secret,4124
Shamir,2,4,512,generate_shares,119885056
Shamir,2,4,512,init_instance,3446980
Shamir,2,4,512,recover_secret,42152
Shamir,2,4,64,generate_secret,2616
Shamir,2,4,64,generate_shares,385544
Shamir,2,4,64,init_instance,3540880
Shamir,2,4,64,recover_secret,12240
Shamir,2,512,128,generate_secret,1416
Shamir,2,512,128,generate_shares,1261828
Shamir,2,512,128,init_instance,2230480
Shamir,2,512,128,recover_secret,37072
Shamir,2,512,192,generate_secret,1252
Shamir,2,512,192,generate_shares,3717232
Shamir,2,512,192,init_instance,1931172
Shamir,2,512,192,recover_secret,12196
Shamir,2,512,256,generate_secret,3040
Shamir,2,512,256,generate_shares,8960196
Shamir,2,512,256,init_instance,3191676
Shamir,2,512,256,recover_secret,16276
Shamir,2,512,384,generate_secret,4360
Shamir,2,512,384,generate_shares,40319976
Shamir,2,512,384,init_instance,3330412
Shamir,2,512,384,recover_secret,15888
Shamir,2,512,512,generate_secret,2936
Shamir,2,512,512,generate_shares,119118892
Shamir,2,512,512,init_instance,2023304
Shamir,2,512,512,recover_secret,42116
Shamir,2,512,64,generate_secret,2616
Shamir,2,512,64,generate_shares,626476
Shamir,2,512,64,init_instance,2004424
Shamir,2,512,64,recover_secret,10444
Shamir,256,256,128,generate_secret,1424
Shamir,256,256,128,generate_shares,79665080
Shamir,256,256,128,init_instance,3238048
Shamir,256,256,128,recover_secret,151575632
Shamir,256,256,192,generate_secret,5452
Shamir,256,256,192,generate_shares,164495580
Shamir,256,256,192,init_instance,7997396
Shamir,256,256,192,recover_secret,193567208
Shamir,256,256,256,generate_secret,18668
Shamir,256,256,256,generate_shares,151038736
Shamir,256,256,256,init_instance,3668312
Shamir,256,256,256,recover_secret,223327516
Shamir,256,256,384,generate_secret,2928
Shamir,256,256,384,generate_shares,255421482
Shamir,256,256,384,init_instance,3307144
Shamir,256,256,384,recover_secret,258953356
Shamir,256,256,512,generate_secret,6504
Shamir,256,256,512,generate_shares,336348332
Shamir,256,256,512,init_instance,3532628
Shamir,256,256,512,recover_secret,262430016
Shamir,256,256,64,generate_secret,2084
Shamir,256,256,64,generate_shares,70004272
Shamir,256,256,64,init_instance,3696320
Shamir,256,256,64,recover_secret,105322572
Shamir,256,512,128,generate_secret,1580
Shamir,256,512,128,generate_shares,146759184
Shamir,256,512,128,init_instance,2763620
Shamir,256,512,128,recover_secret,163046124
Shamir,256,512,192,generate_secret,1508
Shamir,256,512,192,generate_shares,165129272
Shamir,256,512,192,init_instance,3324576
Shamir,256,512,192,recover_secret,151325444
Shamir,256,512,256,generate_secret,1712
Shamir,256,512,256,generate_shares,306431146
Shamir,256,512,256,init_instance,2508320
Shamir,256,512,256,recover_secret,228653348
Shamir,256,512,384,generate_secret,2260
Shamir,256,512,384,generate_shares,363952820
Shamir,256,512,384,init_instance,3399324
Shamir,256,512,384,recover_secret,211796644
Shamir,256,512,512,generate_secret,31212
Shamir,256,512,512,generate_shares,382196404
Shamir,256,512,512,init_instance,3651420
Shamir,256,512,512,recover_secret,255777264
Shamir,256,512,64,generate_secret,2032
Shamir,256,512,64,generate_shares,142121756
Shamir,256,512,64,init_instance,3272240
Shamir,256,512,64,recover_secret,116187276
Shamir,256,999,128,generate_secret,1912
Shamir,256,999,128,generate_shares,317569892
Shamir,256,999,128,init_instance,3392828
Shamir,256,999,128,recover_secret,167108056
Shamir,256,999,192,generate_secret,1904
Shamir,256,999,192,generate_shares,465041048
Shamir,256,999,192,init_instance,3427812
Shamir,256,999,192,recover_secret,183298760
Shamir,256,999,256,generate_secret,2572
Shamir,256,999,256,generate_shares,659348668
Shamir,256,999,256,init_instance,3149620
Shamir,256,999,256,recover_secret,243318576
Shamir,256,999,384,generate_secret,7648
Shamir,256,999,384,generate_shares,691318530
Shamir,256,999,384,init_instance,3488940
Shamir,256,999,384,recover_secret,269545416
Shamir,256,999,512,generate_secret,8448
Shamir,256,999,512,generate_shares,749925584
Shamir,256,999,512,init_instance,3798044
Shamir,256,999,512,recover_secret,287224536
Shamir,256,999,64,generate_secret,1724
Shamir,256,999,64,generate_shares,259403036
Shamir,256,999,64,init_instance,3261932
Shamir,256,999,64,recover_secret,136653268
Shamir,2,64,128,generate_secret,2048
Shamir,2,64,128,generate_shares,1087056
Shamir,2,64,128,init_instance,3481564
Shamir,2,64,128,recover_secret,40788
Shamir,2,64,192,generate_secret,2576
Shamir,2,64,192,generate_shares,2518592
Shamir,2,64,192,init_instance,2129004
Shamir,2,64,192,recover_secret,38120
Shamir,2,64,256,generate_secret,1916
Shamir,2,64,256,generate_shares,7972820
Shamir,2,64,256,init_instance,2146220
Shamir,2,64,256,recover_secret,39532
Shamir,2,64,384,generate_secret,1456
Shamir,2,64,384,generate_shares,59300976
Shamir,2,64,384,init_instance,1904540
Shamir,2,64,384,recover_secret,24568
Shamir,2,64,512,generate_secret,1900
Shamir,2,64,512,generate_shares,134557732
Shamir,2,64,512,init_instance,3510512
Shamir,2,64,512,recover_secret,47440
Shamir,2,64,64,generate_secret,1280
Shamir,2,64,64,generate_shares,236612
Shamir,2,64,64,init_instance,1974656
Shamir,2,64,64,recover_secret,7644
Shamir,2,8,128,generate_secret,1336
Shamir,2,8,128,generate_shares,1138504
Shamir,2,8,128,init_instance,2011116
Shamir,2,8,128,recover_secret,36756
Shamir,2,8,192,generate_secret,1192
Shamir,2,8,192,generate_shares,3963732
Shamir,2,8,192,init_instance,2004312
Shamir,2,8,192,recover_secret,12904
Shamir,2,8,256,generate_secret,2368
Shamir,2,8,256,generate_shares,13212804
Shamir,2,8,256,init_instance,2337004
Shamir,2,8,256,recover_secret,19180
Shamir,2,8,384,generate_secret,3400
Shamir,2,8,384,generate_shares,56314236
Shamir,2,8,384,init_instance,3337340
Shamir,2,8,384,recover_secret,21860
Shamir,2,8,512,generate_secret,3380
Shamir,2,8,512,generate_shares,113690860
Shamir,2,8,512,init_instance,3148688
Shamir,2,8,512,recover_secret,22484
Shamir,2,8,64,generate_secret,952
Shamir,2,8,64,generate_shares,272952
Shamir,2,8,64,init_instance,1933308
Shamir,2,8,64,recover_secret,7220
Shamir,2,999,128,generate_secret,1460
Shamir,2,999,128,generate_shares,2245284
Shamir,2,999,128,init_instance,2452308
Shamir,2,999,128,recover_secret,27280
Shamir,2,999,192,generate_secret,1020
Shamir,2,999,192,generate_shares,4342368
Shamir,2,999,192,init_instance,1978808
Shamir,2,999,192,recover_secret,17544
Shamir,2,999,256,generate_secret,1720
Shamir,2,999,256,generate_shares,9088672
Shamir,2,999,256,init_instance,2027668
Shamir,2,999,256,recover_secret,14160
Shamir,2,999,384,generate_secret,3372
Shamir,2,999,384,generate_shares,57977060
Shamir,2,999,384,init_instance,3517956
Shamir,2,999,384,recover_secret,67520
Shamir,2,999,512,generate_secret,3692
Shamir,2,999,512,generate_shares,171755088
Shamir,2,999,512,init_instance,3401364
Shamir,2,999,512,recover_secret,27464
Shamir,2,999,64,generate_secret,1232
Shamir,2,999,64,generate_shares,1142624
Shamir,2,999,64,init_instance,2231148
Shamir,2,999,64,recover_secret,8020
Shamir,32,128,128,generate_secret,1348
Shamir,32,128,128,generate_shares,3605000
Shamir,32,128,128,init_instance,2234452
Shamir,32,128,128,recover_secret,1254216
Shamir,32,128,192,generate_secret,1628
Shamir,32,128,192,generate_shares,6302656
Shamir,32,128,192,init_instance,1955172
Shamir,32,128,192,recover_secret,1530292
Shamir,32,128,256,generate_secret,1416
Shamir,32,128,256,generate_shares,17794728
Shamir,32,128,256,init_instance,1918968
Shamir,32,128,256,recover_secret,3259576
Shamir,32,128,384,generate_secret,2364
Shamir,32,128,384,generate_shares,59743592
Shamir,32,128,384,init_instance,3431616
Shamir,32,128,384,recover_secret,3285828
Shamir,32,128,512,generate_secret,2900
Shamir,32,128,512,generate_shares,143116248
Shamir,32,128,512,init_instance,3258876
Shamir,32,128,512,recover_secret,12831896
Shamir,32,128,64,generate_secret,2148
Shamir,32,128,64,generate_shares,2204808
Shamir,32,128,64,init_instance,2704056
Shamir,32,128,64,recover_secret,956344
Shamir,32,256,128,generate_secret,2500
Shamir,32,256,128,generate_shares,8898000
Shamir,32,256,128,init_instance,3127572
Shamir,32,256,128,recover_secret,1216644
Shamir,32,256,192,generate_secret,1084
Shamir,32,256,192,generate_shares,8626128
Shamir,32,256,192,init_instance,1946452
Shamir,32,256,192,recover_secret,1822348
Shamir,32,256,256,generate_secret,3316
Shamir,32,256,256,generate_shares,13962084
Shamir,32,256,256,init_instance,2169276
Shamir,32,256,256,recover_secret,1713576
Shamir,32,256,384,generate_secret,1948
Shamir,32,256,384,generate_shares,52556116
Shamir,32,256,384,init_instance,3332480
Shamir,32,256,384,recover_secret,2876532
Shamir,32,256,512,generate_secret,2228
Shamir,32,256,512,generate_shares,138441604
Shamir,32,256,512,init_instance,2377864
Shamir,32,256,512,recover_secret,2349280
Shamir,32,256,64,generate_secret,1688
Shamir,32,256,64,generate_shares,3525116
Shamir,32,256,64,init_instance,2080028
Shamir,32,256,64,recover_secret,992372
Shamir,32,32,128,generate_secret,976
Shamir,32,32,128,generate_shares,1264808
Shamir,32,32,128,init_instance,1975084
Shamir,32,32,128,recover_secret,1652872
Shamir,32,32,192,generate_secret,2876
Shamir,32,32,192,generate_shares,5210900
Shamir,32,32,192,init_instance,3212400
Shamir,32,32,192,recover_secret,1802632
Shamir,32,32,256,generate_secret,1632
Shamir,32,32,256,generate_shares,10926524
Shamir,32,32,256,init_instance,1949284
Shamir,32,32,256,recover_secret,2955792
Shamir,32,32,384,generate_secret,30924
Shamir,32,32,384,generate_shares,32861744
Shamir,32,32,384,init_instance,2224912
Shamir,32,32,384,recover_secret,2094700
Shamir,32,32,512,generate_secret,3024
Shamir,32,32,512,generate_shares,118831264
Shamir,32,32,512,init_instance,3097036
Shamir,32,32,512,recover_secret,2219436
Shamir,32,32,64,generate_secret,1032
Shamir,32,32,64,generate_shares,526928
Shamir,32,32,64,init_instance,1950408
Shamir,32,32,64,recover_secret,1176168
Shamir,32,512,128,generate_secret,1168
Shamir,32,512,128,generate_shares,10011244
Shamir,32,512,128,init_instance,1955728
Shamir,32,512,128,recover_secret,1772776
Shamir,32,512,192,generate_secret,3500
Shamir,32,512,192,generate_shares,22025320
Shamir,32,512,192,init_instance,2429064
Shamir,32,512,192,recover_secret,1592084
Shamir,32,512,256,generate_secret,2192
Shamir,32,512,256,generate_shares,30056216
Shamir,32,512,256,init_instance,2155932
Shamir,32,512,256,recover_secret,2696864
Shamir,32,512,384,generate_secret,3240
Shamir,32,512,384,generate_shares,62988152
Shamir,32,512,384,init_instance,3330956
Shamir,32,512,384,recover_secret,2942644
Shamir,32,512,512,generate_secret,3104
Shamir,32,512,512,generate_shares,131223060
Shamir,32,512,512,init_instance,3223788
Shamir,32,512,512,recover_secret,2148240
Shamir,32,512,64,generate_secret,5560
Shamir,32,512,64,generate_shares,15796116
Shamir,32,512,64,init_instance,3720756
Shamir,32,512,64,recover_secret,2345632
Shamir,32,64,128,generate_secret,892
Shamir,32,64,128,generate_shares,1967964
Shamir,32,64,128,init_instance,1945344
Shamir,32,64,128,recover_secret,2240628
Shamir,32,64,192,generate_secret,1188
Shamir,32,64,192,generate_shares,4790544
Shamir,32,64,192,init_instance,2079440
Shamir,32,64,192,recover_secret,1987308
Shamir,32,64,256,generate_secret,1468
Shamir,32,64,256,generate_shares,18309500
Shamir,32,64,256,init_instance,1938140
Shamir,32,64,256,recover_secret,2793144
Shamir,32,64,384,generate_secret,3384
Shamir,32,64,384,generate_shares,34061196
Shamir,32,64,384,init_instance,2333536
Shamir,32,64,384,recover_secret,3349008
Shamir,32,64,512,generate_secret,2024
Shamir,32,64,512,generate_shares,106896144
Shamir,32,64,512,init_instance,2351108
Shamir,32,64,512,recover_secret,2252404
Shamir,32,64,64,generate_secret,1020
Shamir,32,64,64,generate_shares,968060
Shamir,32,64,64,init_instance,1987948
Shamir,32,64,64,recover_secret,1016264
Shamir,32,999,128,generate_secret,1708
Shamir,32,999,128,generate_shares,37375000
Shamir,32,999,128,init_instance,2246120
Shamir,32,999,128,recover_secret,2034364
Shamir,32,999,192,generate_secret,3908
Shamir,32,999,192,generate_shares,32574708
Shamir,32,999,192,init_instance,3224948
Shamir,32,999,192,recover_secret,1629780
Shamir,32,999,256,generate_secret,6140
Shamir,32,999,256,generate_shares,52977468
Shamir,32,999,256,init_instance,3777220
Shamir,32,999,256,recover_secret,1693432
Shamir,32,999,384,generate_secret,3252
Shamir,32,999,384,generate_shares,80227164
Shamir,32,999,384,init_instance,2443788
Shamir,32,999,384,recover_secret,2075864
Shamir,32,999,512,generate_secret,3832
Shamir,32,999,512,generate_shares,136246392
Shamir,32,999,512,init_instance,3404668
Shamir,32,999,512,recover_secret,2993116
Shamir,32,999,64,generate_secret,1684
Shamir,32,999,64,generate_shares,24848788
Shamir,32,999,64,init_instance,1918184
Shamir,32,999,64,recover_secret,992180
Shamir,4,128,128,generate_secret,3736
Shamir,4,128,128,generate_shares,1702312
Shamir,4,128,128,init_instance,3074712
Shamir,4,128,128,recover_secret,64928
Shamir,4,128,192,generate_secret,3216
Shamir,4,128,192,generate_shares,4640916
Shamir,4,128,192,init_instance,3271728
Shamir,4,128,192,recover_secret,76128
Shamir,4,128,256,generate_secret,1560
Shamir,4,128,256,generate_shares,7115128
Shamir,4,128,256,init_instance,1916916
Shamir,4,128,256,recover_secret,116652
Shamir,4,128,384,generate_secret,2424
Shamir,4,128,384,generate_shares,44135556
Shamir,4,128,384,init_instance,3234460
Shamir,4,128,384,recover_secret,127740
Shamir,4,128,512,generate_secret,3520
Shamir,4,128,512,generate_shares,112625140
Shamir,4,128,512,init_instance,3235996
Shamir,4,128,512,recover_secret,108440
Shamir,4,128,64,generate_secret,1808
Shamir,4,128,64,generate_shares,637096
Shamir,4,128,64,init_instance,2940944
Shamir,4,128,64,recover_secret,48996
Shamir,4,16,128,generate_secret,1692
Shamir,4,16,128,generate_shares,959136
Shamir,4,16,128,init_instance,2184048
Shamir,4,16,128,recover_secret,27528
Shamir,4,16,192,generate_secret,1024
Shamir,4,16,192,generate_shares,3120932
Shamir,4,16,192,init_instance,1908132
Shamir,4,16,192,recover_secret,28752
Shamir,4,16,256,generate_secret,3108
Shamir,4,16,256,generate_shares,13664328
Shamir,4,16,256,init_instance,3561976
Shamir,4,16,256,recover_secret,75788
Shamir,4,16,384,generate_secret,2552
Shamir,4,16,384,generate_shares,33019148
Shamir,4,16,384,init_instance,2923556
Shamir,4,16,384,recover_secret,62712
Shamir,4,16,512,generate_secret,2536
Shamir,4,16,512,generate_shares,119051108
Shamir,4,16,512,init_instance,2247700
Shamir,4,16,512,recover_secret,53892
Shamir,4,16,64,generate_secret,1040
Shamir,4,16,64,generate_shares,128740
Shamir,4,16,64,init_instance,2021980
Shamir,4,16,64,recover_secret,43508
Shamir,4,256,128,generate_secret,2780
Shamir,4,256,128,generate_shares,2422452
Shamir,4,256,128,init_instance,3737840
Shamir,4,256,128,recover_secret,28172
Shamir,4,256,192,generate_secret,1508
Shamir,4,256,192,generate_shares,5752700
Shamir,4,256,192,init_instance,3462916
Shamir,4,256,192,recover_secret,70920
Shamir,4,256,256,generate_secret,1456
Shamir,4,256,256,generate_shares,7683900
Shamir,4,256,256,init_instance,2016300
Shamir,4,256,256,recover_secret,35092
Shamir,4,256,384,generate_secret,5224
Shamir,4,256,384,generate_shares,36227860
Shamir,4,256,384,init_instance,2171664
Shamir,4,256,384,recover_secret,62108
Shamir,4,256,512,generate_secret,3320
Shamir,4,256,512,generate_shares,111923716
Shamir,4,256,512,init_instance,3232508
Shamir,4,256,512,recover_secret,39836
Shamir,4,256,64,generate_secret,1652
Shamir,4,256,64,generate_shares,1440476
Shamir,4,256,64,init_instance,3466064
Shamir,4,256,64,recover_secret,30240
Shamir,4,32,128,generate_secret,3552
Shamir,4,32,128,generate_shares,1831572
Shamir,4,32,128,init_instance,2740060
Shamir,4,32,128,recover_secret,74952
Shamir,4,32,192,generate_secret,1108
Shamir,4,32,192,generate_shares,2535820
Shamir,4,32,192,init_instance,2121632
Shamir,4,32,192,recover_secret,59960
Shamir,4,32,256,generate_secret,1412
Shamir,4,32,256,generate_shares,7557332
Shamir,4,32,256,init_instance,1945772
Shamir,4,32,256,recover_secret,55864
Shamir,4,32,384,generate_secret,3792
Shamir,4,32,384,generate_shares,48358732
Shamir,4,32,384,init_instance,2046976
Shamir,4,32,384,recover_secret,38816
Shamir,4,32,512,generate_secret,2136
Shamir,4,32,512,generate_shares,94267444
Shamir,4,32,512,init_instance,3073068
Shamir,4,32,512,recover_secret,63560
Shamir,4,32,64,generate_secret,1552
Shamir,4,32,64,generate_shares,307484
Shamir,4,32,64,init_instance,3395676
Shamir,4,32,64,recover_secret,51976
Shamir,4,4,128,generate_secret,1608
Shamir,4,4,128,generate_shares,1527196
Shamir,4,4,128,init_instance,3118216
Shamir,4,4,128,recover_secret,40800
Shamir,4,4,192,generate_secret,1148
Shamir,4,4,192,generate_shares,4253520
Shamir,4,4,192,init_instance,1948248
Shamir,4,4,192,recover_secret,28728
Shamir,4,4,256,generate_secret,1532
Shamir,4,4,256,generate_shares,9807976
Shamir,4,4,256,init_instance,1915640
Shamir,4,4,256,recover_secret,31420
Shamir,4,4,384,generate_secret,1640
Shamir,4,4,384,generate_shares,28744324
Shamir,4,4,384,init_instance,2037308
Shamir,4,4,384,recover_secret,73580
Shamir,4,4,512,generate_secret,1880
Shamir,4,4,512,generate_shares,117883500
Shamir,4,4,512,init_instance,2457388
Shamir,4,4,512,recover_secret,71696
Shamir,4,4,64,generate_secret,1440
Shamir,4,4,64,generate_shares,135696
Shamir,4,4,64,init_instance,2022856
Shamir,4,4,64,recover_secret,42396
Shamir,4,512,128,generate_secret,1232
Shamir,4,512,128,generate_shares,2324960
Shamir,4,512,128,init_instance,1907172
Shamir,4,512,128,recover_secret,38944
Shamir,4,512,192,generate_secret,1096
Shamir,4,512,192,generate_shares,7979612
Shamir,4,512,192,init_instance,1909812
Shamir,4,512,192,recover_secret,84460
Shamir,4,512,256,generate_secret,1796
Shamir,4,512,256,generate_shares,15704652
Shamir,4,512,256,init_instance,2065696
Shamir,4,512,256,recover_secret,79840
Shamir,4,512,384,generate_secret,1900
Shamir,4,512,384,generate_shares,36760412
Shamir,4,512,384,init_instance,1989532
Shamir,4,512,384,recover_secret,111600
Shamir,4,512,512,generate_secret,2796
Shamir,4,512,512,generate_shares,114240644
Shamir,4,512,512,init_instance,3239940
Shamir,4,512,512,recover_secret,64464
Shamir,4,512,64,generate_secret,1508
Shamir,4,512,64,generate_shares,1169268
Shamir,4,512,64,init_instance,1995128
Shamir,4,512,64,recover_secret,21332
Shamir,4,64,128,generate_secret,3888
Shamir,4,64,128,generate_shares,1084092
Shamir,4,64,128,init_instance,3238272
Shamir,4,64,128,recover_secret,74224
Shamir,4,64,192,generate_secret,1540
Shamir,4,64,192,generate_shares,5461868
Shamir,4,64,192,init_instance,3437440
Shamir,4,64,192,recover_secret,81560
Shamir,4,64,256,generate_secret,4720
Shamir,4,64,256,generate_shares,13046268
Shamir,4,64,256,init_instance,3899844
Shamir,4,64,256,recover_secret,95616
Shamir,4,64,384,generate_secret,2040
Shamir,4,64,384,generate_shares,47785064
Shamir,4,64,384,init_instance,3307076
Shamir,4,64,384,recover_secret,85000
Shamir,4,64,512,generate_secret,1604
Shamir,4,64,512,generate_shares,102573432
Shamir,4,64,512,init_instance,2711728
Shamir,4,64,512,recover_secret,83248
Shamir,4,64,64,generate_secret,2452
Shamir,4,64,64,generate_shares,638748
Shamir,4,64,64,init_instance,3081620
Shamir,4,64,64,recover_secret,52840
Shamir,4,8,128,generate_secret,1128
Shamir,4,8,128,generate_shares,1362488
Shamir,4,8,128,init_instance,1958756
Shamir,4,8,128,recover_secret,63756
Shamir,4,8,192,generate_secret,1496
Shamir,4,8,192,generate_shares,4625300
Shamir,4,8,192,init_instance,2080992
Shamir,4,8,192,recover_secret,54864
Shamir,4,8,256,generate_secret,1348
Shamir,4,8,256,generate_shares,10668120
Shamir,4,8,256,init_instance,1948788
Shamir,4,8,256,recover_secret,30208
Shamir,4,8,384,generate_secret,2476
Shamir,4,8,384,generate_shares,52460112
Shamir,4,8,384,init_instance,3022844
Shamir,4,8,384,recover_secret,80200
Shamir,4,8,512,generate_secret,2400
Shamir,4,8,512,generate_shares,143958256
Shamir,4,8,512,init_instance,3468416
Shamir,4,8,512,recover_secret,63352
Shamir,4,8,64,generate_secret,1648
Shamir,4,8,64,generate_shares,114028
Shamir,4,8,64,init_instance,2245164
Shamir,4,8,64,recover_secret,41160
Shamir,4,999,128,generate_secret,996
Shamir,4,999,128,generate_shares,2510604
Shamir,4,999,128,init_instance,1941312
Shamir,4,999,128,recover_secret,52576
Shamir,4,999,192,generate_secret,1048
Shamir,4,999,192,generate_shares,6761356
Shamir,4,999,192,init_instance,1943348
Shamir,4,999,192,recover_secret,30876
Shamir,4,999,256,generate_secret,26372
Shamir,4,999,256,generate_shares,14339180
Shamir,4,999,256,init_instance,1944704
Shamir,4,999,256,recover_secret,86736
Shamir,4,999,384,generate_secret,4084
Shamir,4,999,384,generate_shares,56004924
Shamir,4,999,384,init_instance,3459236
Shamir,4,999,384,recover_secret,87944
Shamir,4,999,512,generate_secret,3884
Shamir,4,999,512,generate_shares,164517096
Shamir,4,999,512,init_instance,3426128
Shamir,4,999,512,recover_secret,85336
Shamir,4,999,64,generate_secret,1084
Shamir,4,999,64,generate_shares,1899932
Shamir,4,999,64,init_instance,2084800
Shamir,4,999,64,recover_secret,17172
Shamir,512,512,128,generate_secret,6620
Shamir,512,512,128,generate_shares,298143972
Shamir,512,512,128,init_instance,4424948
Shamir,512,512,128,recover_secret,403208996
Shamir,512,512,192,generate_secret,2504
Shamir,512,512,192,generate_shares,311642660
Shamir,512,512,192,init_instance,3287468
Shamir,512,512,192,recover_secret,607623960
Shamir,512,512,256,generate_secret,3352
Shamir,512,512,256,generate_shares,455941112
Shamir,512,512,256,init_instance,3234944
Shamir,512,512,256,recover_secret,618964820
Shamir,512,512,384,generate_secret,3000
Shamir,512,512,384,generate_shares,402387208
Shamir,512,512,384,init_instance,3038924
Shamir,512,512,384,recover_secret,682516672
Shamir,512,512,512,generate_secret,3468
Shamir,512,512,512,generate_shares,631265060
Shamir,512,512,512,init_instance,2681292
Shamir,512,512,512,recover_secret,728712854
Shamir,512,512,64,generate_secret,1804
Shamir,512,512,64,generate_shares,255153716
Shamir,512,512,64,init_instance,3365208
Shamir,512,512,64,recover_secret,502962154
Shamir,512,999,128,generate_secret,1008
Shamir,512,999,128,generate_shares,396409408
Shamir,512,999,128,init_instance,1925576
Shamir,512,999,128,recover_secret,368970628
Shamir,512,999,192,generate_secret,952
Shamir,512,999,192,generate_shares,573941492
Shamir,512,999,192,init_instance,1949776
Shamir,512,999,192,recover_secret,457174188
Shamir,512,999,256,generate_secret,1888
Shamir,512,999,256,generate_shares,588072788
Shamir,512,999,256,init_instance,2010264
Shamir,512,999,256,recover_secret,624942872
Shamir,512,999,384,generate_secret,3252
Shamir,512,999,384,generate_shares,768720032
Shamir,512,999,384,init_instance,3138132
Shamir,512,999,384,recover_secret,722118300
Shamir,512,999,512,generate_secret,1696
Shamir,512,999,512,generate_shares,1227948680
Shamir,512,999,512,init_instance,2099400
Shamir,512,999,512,recover_secret,748645620
Shamir,512,999,64,generate_secret,1080
Shamir,512,999,64,generate_shares,239955728
Shamir,512,999,64,init_instance,2117360
Shamir,512,999,64,recover_secret,468162036
Shamir,64,128,128,generate_secret,1476
Shamir,64,128,128,generate_shares,6511324
Shamir,64,128,128,init_instance,2003480
Shamir,64,128,128,recover_secret,5313308
Shamir,64,128,192,generate_secret,1548
Shamir,64,128,192,generate_shares,16825092
Shamir,64,128,192,init_instance,2414152
Shamir,64,128,192,recover_secret,11718416
Shamir,64,128,256,generate_secret,8008
Shamir,64,128,256,generate_shares,25552428
Shamir,64,128,256,init_instance,3689728
Shamir,64,128,256,recover_secret,12162348
Shamir,64,128,384,generate_secret,11400
Shamir,64,128,384,generate_shares,73821568
Shamir,64,128,384,init_instance,3904320
Shamir,64,128,384,recover_secret,12139922
Shamir,64,128,512,generate_secret,4976
Shamir,64,128,512,generate_shares,162586644
Shamir,64,128,512,init_instance,3245492
Shamir,64,128,512,recover_secret,8827816
Shamir,64,128,64,generate_secret,1260
Shamir,64,128,64,generate_shares,3414880
Shamir,64,128,64,init_instance,1927564
Shamir,64,128,64,recover_secret,4603624
Shamir,64,256,128,generate_secret,3228
Shamir,64,256,128,generate_shares,10522784
Shamir,64,256,128,init_instance,1942052
Shamir,64,256,128,recover_secret,8514804
Shamir,64,256,192,generate_secret,3736
Shamir,64,256,192,generate_shares,22949052
Shamir,64,256,192,init_instance,3219116
Shamir,64,256,192,recover_secret,6654548
Shamir,64,256,256,generate_secret,3804
Shamir,64,256,256,generate_shares,26735064
Shamir,64,256,256,init_instance,2365956
Shamir,64,256,256,recover_secret,12280572
Shamir,64,256,384,generate_secret,4032
Shamir,64,256,384,generate_shares,61726620
Shamir,64,256,384,init_instance,3155992
Shamir,64,256,384,recover_secret,13356200
Shamir,64,256,512,generate_secret,5092
Shamir,64,256,512,generate_shares,119060056
Shamir,64,256,512,init_instance,3826812
Shamir,64,256,512,recover_secret,9172876
Shamir,64,256,64,generate_secret,944
Shamir,64,256,64,generate_shares,7075268
Shamir,64,256,64,init_instance,1982144
Shamir,64,256,64,recover_secret,4323420
Shamir,64,512,128,generate_secret,1856
Shamir,64,512,128,generate_shares,28953712
Shamir,64,512,128,init_instance,3181552
Shamir,64,512,128,recover_secret,13221300
Shamir,64,512,192,generate_secret,1636
Shamir,64,512,192,generate_shares,46516000
Shamir,64,512,192,init_instance,2596876
Shamir,64,512,192,recover_secret,7773548
Shamir,64,512,256,generate_secret,3248
Shamir,64,512,256,generate_shares,73826868
Shamir,64,512,256,init_instance,3268408
Shamir,64,512,256,recover_secret,15487280
Shamir,64,512,384,generate_secret,2704
Shamir,64,512,384,generate_shares,98053820
Shamir,64,512,384,init_instance,3145052
Shamir,64,512,384,recover_secret,11182712
Shamir,64,512,512,generate_secret,4720
Shamir,64,512,512,generate_shares,144218776
Shamir,64,512,512,init_instance,3392468
Shamir,64,512,512,recover_secret,9276372
Shamir,64,512,64,generate_secret,1076
Shamir,64,512,64,generate_shares,29090432
Shamir,64,512,64,init_instance,1952216
Shamir,64,512,64,recover_secret,4812324
Shamir,64,64,128,generate_secret,1196
Shamir,64,64,128,generate_shares,3128668
Shamir,64,64,128,init_instance,1948208
Shamir,64,64,128,recover_secret,5428344
Shamir,64,64,192,generate_secret,1112
Shamir,64,64,192,generate_shares,7993980
Shamir,64,64,192,init_instance,1904592
Shamir,64,64,192,recover_secret,6846228
Shamir,64,64,256,generate_secret,3132
Shamir,64,64,256,generate_shares,15188552
Shamir,64,64,256,init_instance,2363000
Shamir,64,64,256,recover_secret,11113460
Shamir,64,64,384,generate_secret,3052
Shamir,64,64,384,generate_shares,38876420
Shamir,64,64,384,init_instance,2439276
Shamir,64,64,384,recover_secret,8291368
Shamir,64,64,512,generate_secret,1952
Shamir,64,64,512,generate_shares,113433228
Shamir,64,64,512,init_instance,1924956
Shamir,64,64,512,recover_secret,12831196
Shamir,64,64,64,generate_secret,960
Shamir,64,64,64,generate_shares,2671632
Shamir,64,64,64,init_instance,1917696
Shamir,64,64,64,recover_secret,7671580
Shamir,64,999,128,generate_secret,1312
Shamir,64,999,128,generate_shares,58210076
Shamir,64,999,128,init_instance,1989992
Shamir,64,999,128,recover_secret,8578580
Shamir,64,999,192,generate_secret,1532
Shamir,64,999,192,generate_shares,78120440
Shamir,64,999,192,init_instance,2109040
Shamir,64,999,192,recover_secret,7538012
Shamir,64,999,256,generate_secret,1672
Shamir,64,999,256,generate_shares,79469332
Shamir,64,999,256,init_instance,2060308
Shamir,64,999,256,recover_secret,7042300
Shamir,64,999,384,generate_secret,2024
Shamir,64,999,384,generate_shares,124636152
Shamir,64,999,384,init_instance,3502968
Shamir,64,999,384,recover_secret,8351468
Shamir,64,999,512,generate_secret,2564
Shamir,64,999,512,generate_shares,173516568
Shamir,64,999,512,init_instance,2272604
Shamir,64,999,512,recover_secret,12516692
Shamir,64,999,64,generate_secret,27272
Shamir,64,999,64,generate_shares,33542116
Shamir,64,999,64,init_instance,2168128
Shamir,64,999,64,recover_secret,4048604
Shamir,8,128,128,generate_secret,26020
Shamir,8,128,128,generate_shares,1212544
Shamir,8,128,128,init_instance,1947308
Shamir,8,128,128,recover_secret,95644
Shamir,8,128,192,generate_secret,3552
Shamir,8,128,192,generate_shares,4938552
Shamir,8,128,192,init_instance,3226696
Shamir,8,128,192,recover_secret,174620
Shamir,8,128,256,generate_secret,3432
Shamir,8,128,256,generate_shares,10783368
Shamir,8,128,256,init_instance,3423392
Shamir,8,128,256,recover_secret,148576
Shamir,8,128,384,generate_secret,2176
Shamir,8,128,384,generate_shares,41682824
Shamir,8,128,384,init_instance,2907552
Shamir,8,128,384,recover_secret,196916
Shamir,8,128,512,generate_secret,2488
Shamir,8,128,512,generate_shares,118541620
Shamir,8,128,512,init_instance,3494596
Shamir,8,128,512,recover_secret,175008
Shamir,8,128,64,generate_secret,1312
Shamir,8,128,64,generate_shares,625148
Shamir,8,128,64,init_instance,2270472
Shamir,8,128,64,recover_secret,71104
Shamir,8,16,128,generate_secret,1728
Shamir,8,16,128,generate_shares,807364
Shamir,8,16,128,init_instance,2517508
Shamir,8,16,128,recover_secret,93464
Shamir,8,16,192,generate_secret,1576
Shamir,8,16,192,generate_shares,2894496
Shamir,8,16,192,init_instance,2763060
Shamir,8,16,192,recover_secret,130340
Shamir,8,16,256,generate_secret,1508
Shamir,8,16,256,generate_shares,9884368
Shamir,8,16,256,init_instance,2106924
Shamir,8,16,256,recover_secret,181896
Shamir,8,16,384,generate_secret,2480
Shamir,8,16,384,generate_shares,46729952
Shamir,8,16,384,init_instance,1922196
Shamir,8,16,384,recover_secret,228932
Shamir,8,16,512,generate_secret,28780
Shamir,8,16,512,generate_shares,89359580
Shamir,8,16,512,init_instance,3270620
Shamir,8,16,512,recover_secret,132112
Shamir,8,16,64,generate_secret,1144
Shamir,8,16,64,generate_shares,256452
Shamir,8,16,64,init_instance,1960108
Shamir,8,16,64,recover_secret,70004
Shamir,8,256,128,generate_secret,1300
Shamir,8,256,128,generate_shares,3380408
Shamir,8,256,128,init_instance,3422640
Shamir,8,256,128,recover_secret,136724
Shamir,8,256,192,generate_secret,1604
Shamir,8,256,192,generate_shares,3886032
Shamir,8,256,192,init_instance,2631180
Shamir,8,256,192,recover_secret,129084
Shamir,8,256,256,generate_secret,2028
Shamir,8,256,256,generate_shares,14817752
Shamir,8,256,256,init_instance,3085304
Shamir,8,256,256,recover_secret,209144
Shamir,8,256,384,generate_secret,2392
Shamir,8,256,384,generate_shares,40457796
Shamir,8,256,384,init_instance,2174552
Shamir,8,256,384,recover_secret,161096
Shamir,8,256,512,generate_secret,4684
Shamir,8,256,512,generate_shares,113384184
Shamir,8,256,512,init_instance,3331896
Shamir,8,256,512,recover_secret,165792
Shamir,8,256,64,generate_secret,1232
Shamir,8,256,64,generate_shares,1039744
Shamir,8,256,64,init_instance,1938616
Shamir,8,256,64,recover_secret,46452
Shamir,8,32,128,generate_secret,1356
Shamir,8,32,128,generate_shares,1033328
Shamir,8,32,128,init_instance,2619872
Shamir,8,32,128,recover_secret,93348
Shamir,8,32,192,generate_secret,908
Shamir,8,32,192,generate_shares,3672332
Shamir,8,32,192,init_instance,1897832
Shamir,8,32,192,recover_secret,103524
Shamir,8,32,256,generate_secret,2104
Shamir,8,32,256,generate_shares,11426488
Shamir,8,32,256,init_instance,2483460
Shamir,8,32,256,recover_secret,110596
Shamir,8,32,384,generate_secret,1692
Shamir,8,32,384,generate_shares,38527780
Shamir,8,32,384,init_instance,1943104
Shamir,8,32,384,recover_secret,120464
Shamir,8,32,512,generate_secret,2100
Shamir,8,32,512,generate_shares,106136040
Shamir,8,32,512,init_instance,2085780
Shamir,8,32,512,recover_secret,133616
Shamir,8,32,64,generate_secret,1152
Shamir,8,32,64,generate_shares,316884
Shamir,8,32,64,init_instance,1995632
Shamir,8,32,64,recover_secret,45852
Shamir,8,512,128,generate_secret,1104
Shamir,8,512,128,generate_shares,2527916
Shamir,8,512,128,init_instance,1927224
Shamir,8,512,128,recover_secret,93164
Shamir,8,512,192,generate_secret,1184
Shamir,8,512,192,generate_shares,4773680
Shamir,8,512,192,init_instance,1915760
Shamir,8,512,192,recover_secret,101100
Shamir,8,512,256,generate_secret,2356
Shamir,8,512,256,generate_shares,10141428
Shamir,8,512,256,init_instance,2349720
Shamir,8,512,256,recover_secret,195996
Shamir,8,512,384,generate_secret,3692
Shamir,8,512,384,generate_shares,33736144
Shamir,8,512,384,init_instance,3560732
Shamir,8,512,384,recover_secret,147740
Shamir,8,512,512,generate_secret,2376
Shamir,8,512,512,generate_shares,117873892
Shamir,8,512,512,init_instance,2028868
Shamir,8,512,512,recover_secret,266644
Shamir,8,512,64,generate_secret,924
Shamir,8,512,64,generate_shares,2031292
Shamir,8,512,64,init_instance,1916732
Shamir,8,512,64,recover_secret,45420
Shamir,8,64,128,generate_secret,3508
Shamir,8,64,128,generate_shares,907936
Shamir,8,64,128,init_instance,1927464
Shamir,8,64,128,recover_secret,93232
Shamir,8,64,192,generate_secret,1024
Shamir,8,64,192,generate_shares,3079976
Shamir,8,64,192,init_instance,1918068
Shamir,8,64,192,recover_secret,160504
Shamir,8,64,256,generate_secret,3068
Shamir,8,64,256,generate_shares,7092584
Shamir,8,64,256,init_instance,2048080
Shamir,8,64,256,recover_secret,110444
Shamir,8,64,384,generate_secret,3636
Shamir,8,64,384,generate_shares,51717268
Shamir,8,64,384,init_instance,3071048
Shamir,8,64,384,recover_secret,213152
Shamir,8,64,512,generate_secret,2608
Shamir,8,64,512,generate_shares,99559536
Shamir,8,64,512,init_instance,3355788
Shamir,8,64,512,recover_secret,191432
Shamir,8,64,64,generate_secret,2080
Shamir,8,64,64,generate_shares,606000
Shamir,8,64,64,init_instance,3408292
Shamir,8,64,64,recover_secret,106836
Shamir,8,8,128,generate_secret,1432
Shamir,8,8,128,generate_shares,905516
Shamir,8,8,128,init_instance,2047396
Shamir,8,8,128,recover_secret,94552
Shamir,8,8,192,generate_secret,1016
Shamir,8,8,192,generate_shares,2350876
Shamir,8,8,192,init_instance,1970744
Shamir,8,8,192,recover_secret,102744
Shamir,8,8,256,generate_secret,1624
Shamir,8,8,256,generate_shares,8863824
Shamir,8,8,256,init_instance,1942824
Shamir,8,8,256,recover_secret,133836
Shamir,8,8,384,generate_secret,26496
Shamir,8,8,384,generate_shares,53006320
Shamir,8,8,384,init_instance,3267756
Shamir,8,8,384,recover_secret,232784
Shamir,8,8,512,generate_secret,2292
Shamir,8,8,512,generate_shares,124403308
Shamir,8,8,512,init_instance,2113584
Shamir,8,8,512,recover_secret,155132
Shamir,8,8,64,generate_secret,1476
Shamir,8,8,64,generate_shares,153248
Shamir,8,8,64,init_instance,2503116
Shamir,8,8,64,recover_secret,72764
Shamir,8,999,128,generate_secret,1020
Shamir,8,999,128,generate_shares,4101040
Shamir,8,999,128,init_instance,1967824
Shamir,8,999,128,recover_secret,93260
Shamir,8,999,192,generate_secret,1356
Shamir,8,999,192,generate_shares,7527388
Shamir,8,999,192,init_instance,2297092
Shamir,8,999,192,recover_secret,132732
Shamir,8,999,256,generate_secret,29008
Shamir,8,999,256,generate_shares,19909976
Shamir,8,999,256,init_instance,2971484
Shamir,8,999,256,recover_secret,190000
Shamir,8,999,384,generate_secret,2452
Shamir,8,999,384,generate_shares,48302728
Shamir,8,999,384,init_instance,2580336
Shamir,8,999,384,recover_secret,235916
Shamir,8,999,512,generate_secret,3396
Shamir,8,999,512,generate_shares,127155580
Shamir,8,999,512,init_instance,2325804
Shamir,8,999,512,recover_secret,220668
Shamir,8,999,64,generate_secret,1960
Shamir,8,999,64,generate_shares,6142444
Shamir,8,999,64,init_instance,3161292
Shamir,8,999,64,recover_secret,76076
Shamir,999,999,128,generate_secret,1112
Shamir,999,999,128,generate_shares,613512896
Shamir,999,999,128,init_instance,1959396
Shamir,999,999,128,recover_secret,1588429680
Shamir,999,999,192,generate_secret,1092
Shamir,999,999,192,generate_shares,973428872
Shamir,999,999,192,init_instance,2109788
Shamir,999,999,192,recover_secret,1681366144
Shamir,999,999,256,generate_secret,1680
Shamir,999,999,256,generate_shares,1100575908
Shamir,999,999,256,init_instance,1975464
Shamir,999,999,256,recover_secret,1922695546
Shamir,999,999,384,generate_secret,2372
Shamir,999,999,384,generate_shares,1473368724
Shamir,999,999,384,init_instance,2468832
Shamir,999,999,384,recover_secret,2151244590
Shamir,999,999,512,generate_secret,1916
Shamir,999,999,512,generate_shares,1720592304
Shamir,999,999,512,init_instance,1996832
Shamir,999,999,512,recover_secret,2460931180
Shamir,999,999,64,generate_secret,1068
Shamir,999,999,64,generate_shares,526359868
Shamir,999,999,64,init_instance,1999492
Shamir,999,999,64,recover_secret,1150589728
